idx,FLOPS,Correlation,Num_of_Operations
0,251915090682974.78,3476497,549755813888
1,252059120770231.3,3476522,549755813888
2,252229350738465.56,3476942,549755813888
3,252366557636285.7,3476967,549755813888
4,251992571574988.44,3477825,549755813888
5,252111021176643.25,3477850,549755813888
6,252292435798851.06,3478270,549755813888
7,252244164211393.75,3478295,549755813888
8,251985179389090.78,3479153,549755813888
9,252199729011676.53,3479178,549755813888
10,252037049346934.1,3479598,549755813888
11,252366441786942.12,3479623,549755813888
12,252011169460649.06,3480481,549755813888
13,252118305126190.8,3480506,549755813888
14,252040746907461.8,3480926,549755813888
15,252251571600375.38,3480951,549755813888
16,252011053937358.9,3481809,549755813888
17,252096223337237.25,3481834,549755813888
18,252140622067792.7,3482254,549755813888
19,252329491274242.4,3482279,549755813888
20,252070215720303.34,3483649,549755813888
21,252077728480653.38,3483674,549755813888
22,252173815707498.9,3484091,549755813888
23,252159010495850.12,3484116,549755813888
24,251970396318314.84,3484971,549755813888
25,252088825068942.5,3484996,549755813888
26,252244279948500.97,3485413,549755813888
27,252318257683635.06,3485438,549755813888
28,251963005433360.3,3486293,549755813888
29,252077728480653.38,3486318,549755813888
30,252307256682916.34,3486735,549755813888
31,252122005071279.03,3486760,549755813888
32,252055538234552.44,3487615,549755813888
33,252088825068942.5,3487640,549755813888
34,252207249494214.56,3488057,549755813888
35,252288615071991.56,3488082,549755813888
36,251881734306181.4,3488937,549755813888
37,252022260189659.9,3488962,549755813888
38,252192324667061.47,3489379,549755813888
39,252325669424969.75,3489404,549755813888
40,251977903129672.22,3490259,549755813888
41,252147907727913.38,3490284,549755813888
42,252085126097630.53,3490701,549755813888
43,252188622657790.0,3490726,549755813888
44,252044444576482.66,3491581,549755813888
45,252092408550920.72,3491606,549755813888
46,252196142477959.78,3492023,549755813888
47,252196142477959.78,3492048,549755813888
48,251974091923393.3,3492903,549755813888
49,252133221193367.53,3492928,549755813888
50,252070331297840.16,3493345,549755813888
51,252247867851504.06,3493370,549755813888
52,251926172956773.2,3494225,549755813888
53,252107321553927.7,3494250,549755813888
54,252233053943580.25,3494667,549755813888
55,252140622067792.7,3494692,549755813888
56,251981483458776.53,3495547,549755813888
57,252011169460649.06,3495572,549755813888
58,252173815707498.9,3495989,549755813888
59,252222060371160.5,3496014,549755813888
60,251970511804332.7,3496869,549755813888
61,252188622657790.0,3496894,549755813888
62,252207133791086.12,3497311,549755813888
63,252277616655882.72,3497336,549755813888
64,251985179389090.78,3498191,549755813888
65,252099922634229.44,3498216,549755813888
66,252196026785022.1,3498633,549755813888
67,252159010495850.12,3498658,549755813888
68,252088825068942.5,3499513,549755813888
69,252059120770231.3,3499538,549755813888
70,252114605289695.97,3499955,549755813888
71,252225763362203.84,3499980,549755813888
72,252003660667079.5,3500835,549755813888
73,252085126097630.53,3500860,549755813888
74,252181218965294.97,3501277,549755813888
75,252251687344280.12,3501302,549755813888
76,252036933799915.7,3502157,549755813888
77,252055538234552.44,3502182,549755813888
78,252199844708010.94,3502599,549755813888
79,252262683499602.4,3502624,549755813888
80,251915090682974.78,3503479,549755813888
81,252140506425788.44,3503504,549755813888
82,252240576413748.22,3503921,549755813888
83,252362850510045.25,3503946,549755813888
84,251951919918862.9,3504801,549755813888
85,252062818978398.72,3504826,549755813888
86,252114720907942.78,3505243,549755813888
87,252299730235123.9,3505268,549755813888
88,252125705124965.44,3506123,549755813888
89,252221944654442.4,3506148,549755813888
90,252088709474445.9,3506565,549755813888
91,252247867851504.06,3506590,549755813888
92,252018563171526.7,3507445,549755813888
93,252096107735955.56,3507470,549755813888
94,252273912142151.1,3507887,549755813888
95,252344200683468.03,3507912,549755813888
96,252103622039791.38,3508767,549755813888
97,252062818978398.72,3508792,549755813888
98,252173815707498.9,3509209,549755813888
99,252373972215514.75,3509234,549755813888
100,252125705124965.44,3510089,549755813888
101,252151724194109.12,3510114,549755813888
102,252210952050376.5,3510531,549755813888
103,252221944654442.4,3510556,549755813888
104,251970511804332.7,3511411,549755813888
105,252273796377850.1,3511436,549755813888
106,252136805937661.5,3511853,549755813888
107,252299846023227.38,3511878,549755813888
108,252044444576482.66,3512733,549755813888
109,252192324667061.47,3512758,549755813888
110,252266503441066.84,3513175,549755813888
111,252296025071924.84,3513200,549755813888
112,252033236351266.66,3514055,549755813888
113,252129520919076.34,3514080,549755813888
114,252262799253704.7,3514497,549755813888
115,252340610039538.66,3514522,549755813888
116,252048026796811.75,3515377,549755813888
117,252147907727913.38,3515402,549755813888
118,252129405287254.8,3515819,549755813888
119,252373972215514.75,3515844,549755813888
120,252111021176643.25,3516699,549755813888
121,252066517295087.8,3516724,549755813888
122,252099922634229.44,3517141,549755813888
123,252233053943580.25,3517166,549755813888
124,252133221193367.53,3518021,549755813888
125,252022144656201.44,3518046,549755813888
126,252118420747831.06,3518463,549755813888
127,252240460680039.53,3518488,549755813888
128,251974091923393.3,3519343,549755813888
129,252136805937661.5,3519368,549755813888
130,252162711635781.34,3519785,549755813888
131,252314667777956.25,3519810,549755813888
132,251270192877485.16,3520665,549755813888
133,251398885162569.56,3520690,549755813888
134,251524026816135.22,3521107,549755813888
135,251560856898505.94,3521132,549755813888
136,251317977485621.62,3521987,549755813888
137,251402564022032.62,3522012,549755813888
138,251516662093740.28,3522429,549755813888
139,251590328731151.5,3522454,549755813888
140,251431998774296.28,3523309,549755813888
141,251417395516197.1,3523334,549755813888
142,251347392432911.88,3523751,549755813888
143,251619922635072.34,3523776,549755813888
144,251354747245642.9,3524631,549755813888
145,251535074708444.3,3524656,549755813888
146,251608752133560.12,3525073,549755813888
147,251605067237224.8,3525098,549755813888
148,251292245053857.53,3526465,549755813888
149,251656780808460.9,3526490,549755813888
150,251432113767311.9,3526910,549755813888
151,251616122250044.53,3526935,549755813888
152,251273867971433.44,3527793,549755813888
153,251538872645579.88,3527818,549755813888
154,251516777164210.88,3528238,549755813888
155,251501933942726.3,3528263,549755813888
156,251284893898332.53,3529121,549755813888
157,251491004008259.88,3529146,549755813888
158,251597697768344.0,3529566,549755813888
159,251590328731151.5,3529591,549755813888
160,251395321370136.88,3530449,549755813888
161,251380492480156.1,3530474,549755813888
162,251516662093740.28,3530894,549755813888
163,251586644374426.5,3530919,549755813888
164,251490888961370.78,3531777,549755813888
165,251719349235326.1,3531802,549755813888
166,252514816061380.1,3532222,549755813888
167,252351729784763.1,3532247,549755813888
168,252011053937358.9,3533105,549755813888
169,252088709474445.9,3533130,549755813888
170,252133221193367.53,3533550,549755813888
171,252159126154828.44,3533575,549755813888
172,251985179389090.78,3534433,549755813888
173,251992687081334.44,3534458,549755813888
174,252214654715251.62,3534878,549755813888
175,252214654715251.62,3534903,549755813888
176,251944645580073.78,3535761,549755813888
177,251885427310918.38,3535786,549755813888
178,252170114241600.97,3536206,549755813888
179,252247983592010.0,3536231,549755813888
180,252048026796811.75,3537089,549755813888
181,252170114241600.97,3537114,549755813888
182,252162827298154.94,3537534,549755813888
183,252070215720303.34,3537559,549755813888
184,251933446228874.62,3538417,549755813888
185,252018563171526.7,3538442,549755813888
186,252170114241600.97,3538862,549755813888
187,252247867851504.06,3538887,549755813888
188,252029654551339.28,3539745,549755813888
189,252151724194109.12,3539770,549755813888
190,252170229910765.47,3540190,549755813888
191,252199729011676.53,3540215,549755813888
192,251959425629330.44,3541073,549755813888
193,251948224964127.28,3541098,549755813888
194,252151608541920.94,3541518,549755813888
195,252403519006392.3,3541543,549755813888
196,252025957316262.56,3542401,549755813888
197,252096107735955.56,3542426,549755813888
198,252218241775524.25,3542846,549755813888
199,252236872987746.84,3542871,549755813888
200,252096107735955.56,3543729,549755813888
201,252159126154828.44,3543754,549755813888
202,252185036439951.03,3544174,549755813888
203,252262683499602.4,3544199,549755813888
204,251985294888660.16,3545057,549755813888
205,252103506431724.12,3545082,549755813888
206,252062818978398.72,3545502,549755813888
207,252166528550132.3,3545527,549755813888
208,251889120423948.16,3546385,549755813888
209,252096223337237.25,3546410,549755813888
210,252236872987746.84,3546830,549755813888
211,252284910235247.75,3546855,549755813888
212,251844810213865.4,3547713,549755813888
213,252048026796811.75,3547738,549755813888
214,252110905561789.8,3548158,549755813888
215,252288615071991.56,3548183,549755813888
216,251859578551640.66,3549041,549755813888
217,251985294888660.16,3549066,549755813888
218,252251687344280.12,3549486,549755813888
219,252325669424969.75,3549511,549755813888
220,251874348621566.62,3550369,549755813888
221,252136805937661.5,3550394,549755813888
222,252199844708010.94,3550814,549755813888
223,252344316512392.88,3550839,549755813888
224,251955730454445.84,3551697,549755813888
225,252140506425788.44,3551722,549755813888
226,252122120696312.88,3552142,549755813888
227,252262799253704.7,3552167,549755813888
228,251885427310918.38,3553025,549755813888
229,252085126097630.53,3553050,549755813888
230,252270207737214.1,3553470,549755813888
231,252336903675565.4,3553495,549755813888
232,251929867264723.6,3554353,549755813888
233,252133105558151.9,3554378,549755813888
234,252207133791086.12,3554798,549755813888
235,252270207737214.1,3554823,549755813888
236,252136805937661.5,3555681,549755813888
237,252133221193367.53,3555706,549755813888
238,252192440356602.53,3556126,549755813888
239,252247867851504.06,3556151,549755813888
240,252022260189659.9,3557009,549755813888
241,252125705124965.44,3557034,549755813888
242,252207133791086.12,3557454,549755813888
243,252340494214016.47,3557479,549755813888
244,252003660667079.5,3558337,549755813888
245,251940950838694.47,3558362,549755813888
246,252255391205316.03,3558782,549755813888
247,252321963499874.03,3558807,549755813888
248,251944530117765.34,3559665,549755813888
249,252118305126190.8,3559690,549755813888
250,252281321278413.78,3560110,549755813888
251,252270207737214.1,3560135,549755813888
252,251951919918862.9,3560993,549755813888
253,252074029834978.7,3561018,549755813888
254,252184920757202.72,3561438,549755813888
255,252203547046760.97,3561463,549755813888
256,251911281376541.38,3562321,549755813888
257,252118420747831.06,3562346,549755813888
258,252192324667061.47,3562766,549755813888
259,252288615071991.56,3562791,549755813888
260,252025957316262.56,3563649,549755813888
261,252136805937661.5,3563674,549755813888
262,252147907727913.38,3564094,549755813888
263,252351729784763.1,3564119,549755813888
264,252096107735955.56,3564977,549755813888
265,252040746907461.8,3565002,549755813888
266,252159010495850.12,3565422,549755813888
267,252325669424969.75,3565447,549755813888
268,252055538234552.44,3566305,549755813888
269,252233053943580.25,3566330,549755813888
270,252166528550132.3,3566750,549755813888
271,252244164211393.75,3566775,549755813888
272,252040631357053.12,3567633,549755813888
273,252192440356602.53,3567658,549755813888
274,252192440356602.53,3568078,549755813888
275,252214539005328.7,3568103,549755813888
276,251992571574988.44,3569473,549755813888
277,251926057511395.56,3569498,549755813888
278,252192324667061.47,3569915,549755813888
279,252259095175122.66,3569940,549755813888
280,252014750735178.47,3570795,549755813888
281,252136921576271.38,3570820,549755813888
282,252203431347029.6,3571237,549755813888
283,252099807029555.1,3571262,549755813888
284,252114720907942.78,3572117,549755813888
285,252092524148809.84,3572142,549755813888
286,252170114241600.97,3572559,549755813888
287,252266387683565.16,3572584,549755813888
288,251926057511395.56,3573439,549755813888
289,251996383340315.97,3573464,549755813888
290,252099922634229.44,3573881,549755813888
291,252196142477959.78,3573906,549755813888
292,252199844708010.94,3574761,549755813888
293,252073914254050.22,3574786,549755813888
294,252251571600375.38,3575203,549755813888
295,252336903675565.4,3575228,549755813888
296,251918669227297.2,3576083,549755813888
297,251985179389090.78,3576108,549755813888
298,252136805937661.5,3576525,549755813888
299,252329491274242.4,3576550,549755813888
300,252070215720303.34,3577405,549755813888
301,252129520919076.34,3577430,549755813888
302,252162711635781.34,3577847,549755813888
303,252277500888181.8,3577872,549755813888
304,251660352017724.78,3578727,549755813888
305,252074029834978.7,3578752,549755813888
306,252096223337237.25,3579169,549755813888
307,252299846023227.38,3579194,549755813888
308,252018447641457.78,3580049,549755813888
309,252055538234552.44,3580074,549755813888
310,252207249494214.56,3580491,549755813888
311,252310962176015.03,3580516,549755813888
312,251940950838694.47,3581371,549755813888
313,251963120912603.34,3581396,549755813888
314,252199844708010.94,3581813,549755813888
315,252270091976312.75,3581838,549755813888
316,252014750735178.47,3582693,549755813888
317,252000079707733.38,3582718,549755813888
318,252070331297840.16,3583135,549755813888
319,252336787853445.66,3583160,549755813888
320,252062818978398.72,3584015,549755813888
321,251977903129672.22,3584040,549755813888
322,252162827298154.94,3584457,549755813888
323,252251571600375.38,3584482,549755813888
324,251959425629330.44,3585337,549755813888
325,252073914254050.22,3585362,549755813888
326,252136805937661.5,3585779,549755813888
327,252307140888010.78,3585804,549755813888
328,252022260189659.9,3586659,549755813888
329,252092408550920.72,3586684,549755813888
330,252147907727913.38,3587101,549755813888
331,252299730235123.9,3587126,549755813888
332,252140506425788.44,3587981,549755813888
333,252225763362203.84,3588006,549755813888
334,252018447641457.78,3588423,549755813888
335,252221944654442.4,3588448,549755813888
336,251944530117765.34,3589303,549755813888
337,252162711635781.34,3589328,549755813888
338,252125705124965.44,3589745,549755813888
339,252322079308385.47,3589770,549755813888
340,251948224964127.28,3590625,549755813888
341,252122120696312.88,3590650,549755813888
342,252044329022683.53,3591067,549755813888
343,252233169670492.2,3591092,549755813888
344,251874348621566.62,3591947,549755813888
345,252129520919076.34,3591972,549755813888
346,252221944654442.4,3592389,549755813888
347,252225763362203.84,3592414,549755813888
348,252029539011101.1,3710065,549755813888
349,252214539005328.7,3710090,549755813888
350,252170114241600.97,3710510,549755813888
351,252233053943580.25,3710535,549755813888
352,251988875427826.53,3711393,549755813888
353,252136805937661.5,3711418,549755813888
354,252148023376706.75,3711838,549755813888
355,252366441786942.12,3711863,549755813888
356,251992687081334.44,3712721,549755813888
357,252051724679442.66,3712746,549755813888
358,252266387683565.16,3713166,549755813888
359,252325785236883.12,3713191,549755813888
360,252059120770231.3,3714049,549755813888
361,252110905561789.8,3714074,549755813888
362,252077728480653.38,3714494,549755813888
363,252288615071991.56,3714519,549755813888
364,251996267830581.44,3715377,549755813888
365,252059236337593.94,3715402,549755813888
366,252066517295087.8,3715822,549755813888
367,252285026009748.94,3715847,549755813888
368,251981483458776.53,3716705,549755813888
369,252096107735955.56,3716730,549755813888
370,252196142477959.78,3717150,549755813888
371,252314551976248.0,3717175,549755813888
372,252114605289695.97,3718033,549755813888
373,252114720907942.78,3718058,549755813888
374,252181218965294.97,3718478,549755813888
375,252299730235123.9,3718503,549755813888
376,251970396318314.84,3719361,549755813888
377,252144322667936.2,3719386,549755813888
378,252259095175122.66,3719806,549755813888
379,252277500888181.8,3719831,549755813888
380,252003776183591.56,3720689,549755813888
381,252044329022683.53,3720714,549755813888
382,252062934549152.56,3721134,549755813888
383,252359143492714.6,3721159,549755813888
384,252014866261857.97,3722017,549755813888
385,252196026785022.1,3722042,549755813888
386,252184920757202.72,3722462,549755813888
387,252388686811332.8,3722487,549755813888
388,251948224964127.28,3723345,549755813888
389,251996267830581.44,3723370,549755813888
390,252340494214016.47,3723790,549755813888
391,252325785236883.12,3723815,549755813888
392,251988875427826.53,3724673,549755813888
393,252140622067792.7,3724698,549755813888
394,252155309464564.94,3725118,549755813888
395,252233053943580.25,3725143,549755813888
396,251952035387944.75,3726001,549755813888
397,252062818978398.72,3726026,549755813888
398,252192440356602.53,3726446,549755813888
399,252303551298655.44,3726471,549755813888
400,251977903129672.22,3727329,549755813888
401,252011053937358.9,3727354,549755813888
402,252255275458012.3,3727774,549755813888
403,252244164211393.75,3727799,549755813888
404,252177517282062.0,3728657,549755813888
405,252122120696312.88,3728682,549755813888
406,252170229910765.47,3729102,549755813888
407,252181218965294.97,3729127,549755813888
408,252003660667079.5,3729985,549755813888
409,252040631357053.12,3730010,549755813888
410,252125705124965.44,3730430,549755813888
411,252266387683565.16,3730455,549755813888
412,251977787636879.0,3731313,549755813888
413,252073914254050.22,3731338,549755813888
414,252125820753393.06,3731758,549755813888
415,252196026785022.1,3731783,549755813888
416,252055422670580.9,3732641,549755813888
417,252096107735955.56,3732666,549755813888
418,252107205942467.44,3733086,549755813888
419,252236757257436.6,3733111,549755813888
420,252051840240023.28,3733969,549755813888
421,252144322667936.2,3733994,549755813888
422,252192324667061.47,3734414,549755813888
423,252359027650177.88,3734439,549755813888
424,251992571574988.44,3735297,549755813888
425,252103622039791.38,3735322,549755813888
426,252192324667061.47,3735742,549755813888
427,252407227327551.12,3735767,549755813888
428,252007357247994.16,3736625,549755813888
429,252173815707498.9,3736650,549755813888
430,252181218965294.97,3737070,549755813888
431,252240460680039.53,3737095,549755813888
432,252025841779414.25,3737953,549755813888
433,252207133791086.12,3737978,549755813888
434,252110905561789.8,3738398,549755813888
435,252359143492714.6,3738423,549755813888
436,251900200412841.62,3739281,549755813888
437,252059120770231.3,3739306,549755813888
438,252218241775524.25,3739726,549755813888
439,252255391205316.03,3739751,549755813888
440,252048026796811.75,3741121,549755813888
441,252170114241600.97,3741146,549755813888
442,252118305126190.8,3741563,549755813888
443,252162711635781.34,3741588,549755813888
444,252055538234552.44,3742443,549755813888
445,252070215720303.34,3742468,549755813888
446,252018447641457.78,3742885,549755813888
447,252258979424419.7,3742910,549755813888
448,252014866261857.97,3743765,549755813888
449,252155309464564.94,3743790,549755813888
450,252170114241600.97,3744207,549755813888
451,252373972215514.75,3744232,549755813888
452,251974207412798.84,3745087,549755813888
453,252140506425788.44,3745112,549755813888
454,252258979424419.7,3745529,549755813888
455,252144322667936.2,3745554,549755813888
456,252011053937358.9,3746409,549755813888
457,252225647642087.88,3746434,549755813888
458,252096107735955.56,3746851,549755813888
459,252240460680039.53,3746876,549755813888
460,252029539011101.1,3747731,549755813888
461,252118305126190.8,3747756,549755813888
462,252185036439951.03,3748173,549755813888
463,252318373488744.78,3748198,549755813888
464,252077728480653.38,3749053,549755813888
465,252029539011101.1,3749078,549755813888
466,252284910235247.75,3749495,549755813888
467,252325669424969.75,3749520,549755813888
468,252118305126190.8,3750375,549755813888
469,252203431347029.6,3750400,549755813888
470,252233053943580.25,3750817,549755813888
471,252385094901301.1,3750842,549755813888
472,251988990930784.1,3751697,549755813888
473,252066517295087.8,3751722,549755813888
474,252333197420468.25,3752139,549755813888
475,252440607122078.94,3752164,549755813888
476,252081427234869.06,3753019,549755813888
477,252173815707498.9,3753044,549755813888
478,252340494214016.47,3753461,549755813888
479,252314667777956.25,3753486,549755813888
480,251929751815960.06,3754341,549755813888
481,252125820753393.06,3754366,549755813888
482,252022144656201.44,3754783,549755813888
483,252207133791086.12,3754808,549755813888
484,252114605289695.97,3755663,549755813888
485,252207249494214.56,3755688,549755813888
486,252218357488844.75,3756105,549755813888
487,252303435507150.9,3756130,549755813888
488,252092524148809.84,3756985,549755813888
489,252210836343850.94,3757010,549755813888
490,252036933799915.7,3757427,549755813888
491,252318257683635.06,3757452,549755813888
492,252025841779414.25,3758307,549755813888
493,252133105558151.9,3758332,549755813888
494,252277500888181.8,3758749,549755813888
495,252340494214016.47,3758774,549755813888
496,251918669227297.2,3759629,549755813888
497,252199844708010.94,3759654,549755813888
498,252199729011676.53,3760071,549755813888
499,252307140888010.78,3760096,549755813888
500,252044329022683.53,3760951,549755813888
501,252133105558151.9,3760976,549755813888
502,252214539005328.7,3761393,549755813888
503,252288615071991.56,3761418,549755813888
504,252040746907461.8,3762273,549755813888
505,252103506431724.12,3762298,549755813888
506,252133221193367.53,3762715,549755813888
507,252229350738465.56,3762740,549755813888
508,251892813645275.47,3763595,549755813888
509,252103506431724.12,3763620,549755813888
510,252107321553927.7,3764037,549755813888
511,252251571600375.38,3764062,549755813888
512,251977787636879.0,3764917,549755813888
513,252251571600375.38,3764942,549755813888
514,252266387683565.16,3765359,549755813888
515,252396218567534.03,3765384,549755813888
516,252122120696312.88,3766239,549755813888
517,252070215720303.34,3766264,549755813888
518,252199729011676.53,3766681,549755813888
519,252381387230440.25,3766706,549755813888
520,252055422670580.9,3767561,549755813888
521,252107205942467.44,3767586,549755813888
522,252299730235123.9,3768003,549755813888
523,252425886471768.53,3768028,549755813888
524,251999964194610.25,3768883,549755813888
525,252048026796811.75,3768908,549755813888
526,252281321278413.78,3769325,549755813888
527,252188738343934.53,3769350,549755813888
528,252048026796811.75,3770205,549755813888
529,252118420747831.06,3770230,549755813888
530,252233053943580.25,3770647,549755813888
531,252336787853445.66,3770672,549755813888
532,252051724679442.66,3771527,549755813888
533,252096223337237.25,3771552,549755813888
534,252162827298154.94,3771969,549755813888
535,252333197420468.25,3771994,549755813888
536,252059236337593.94,3772849,549755813888
537,252159010495850.12,3772874,549755813888
538,252162711635781.34,3773291,549755813888
539,252299730235123.9,3773316,549755813888
540,252003660667079.5,3774171,549755813888
541,252099807029555.1,3774196,549755813888
542,252092408550920.72,3774613,549755813888
543,252262799253704.7,3774638,549755813888
544,252007357247994.16,3775493,549755813888
545,252025841779414.25,3775518,549755813888
546,252162711635781.34,3775935,549755813888
547,252299846023227.38,3775960,549755813888
548,251940950838694.47,3776815,549755813888
549,252136805937661.5,3776840,549755813888
550,252188622657790.0,3777257,549755813888
551,252192440356602.53,3777282,549755813888
552,251985294888660.16,3778137,549755813888
553,252110905561789.8,3778162,549755813888
554,252170114241600.97,3778579,549755813888
555,252455561351448.4,3778604,549755813888
556,251992571574988.44,3779459,549755813888
557,252088709474445.9,3779484,549755813888
558,252199729011676.53,3779901,549755813888
559,252310846377708.22,3779926,549755813888
560,252044329022683.53,3780781,549755813888
561,252003776183591.56,3780806,549755813888
562,252073914254050.22,3781223,549755813888
563,252207133791086.12,3781248,549755813888
564,251878041409732.4,3782103,549755813888
565,252059236337593.94,3782128,549755813888
566,252199729011676.53,3782545,549755813888
567,252340494214016.47,3782570,549755813888
568,251929867264723.6,3783937,549755813888
569,252166528550132.3,3783962,549755813888
570,252214539005328.7,3784382,549755813888
571,252262799253704.7,3784407,549755813888
572,251974091923393.3,3785265,549755813888
573,252140506425788.44,3785290,549755813888
574,252188738343934.53,3785710,549755813888
575,252244279948500.97,3785735,549755813888
576,252029654551339.28,3786593,549755813888
577,252136805937661.5,3786618,549755813888
578,252336787853445.66,3787038,549755813888
579,252362734664105.22,3787063,549755813888
580,251966700821638.8,3787921,549755813888
581,252114605289695.97,3787946,549755813888
582,252277500888181.8,3788366,549755813888
583,252140506425788.44,3788391,549755813888
584,252040746907461.8,3789249,549755813888
585,252166412884363.4,3789274,549755813888
586,252229350738465.56,3789694,549755813888
587,252459271201991.94,3789719,549755813888
588,252103506431724.12,3790577,549755813888
589,252240576413748.22,3790602,549755813888
590,252159010495850.12,3791022,549755813888
591,252307140888010.78,3791047,549755813888
592,251889120423948.16,3791905,549755813888
593,252129520919076.34,3791930,549755813888
594,252088709474445.9,3792350,549755813888
595,252266503441066.84,3792375,549755813888
596,252062934549152.56,3793233,549755813888
597,251966700821638.8,3793258,549755813888
598,252225647642087.88,3793678,549755813888
599,252307140888010.78,3793703,549755813888
600,252088709474445.9,3794561,549755813888
601,252251571600375.38,3794586,549755813888
602,252136805937661.5,3795006,549755813888
603,252381271367481.16,3795031,549755813888
604,252040631357053.12,3795889,549755813888
605,252085010506526.2,3795914,549755813888
606,252166412884363.4,3796334,549755813888
607,252177517282062.0,3796359,549755813888
608,252081311647156.78,3797217,549755813888
609,252066632869232.97,3797242,549755813888
610,252185036439951.03,3797662,549755813888
611,252366441786942.12,3797687,549755813888
612,252088709474445.9,3798545,549755813888
613,252184920757202.72,3798570,549755813888
614,252140506425788.44,3798990,549755813888
615,252299730235123.9,3799015,549755813888
616,251977903129672.22,3799873,549755813888
617,252048026796811.75,3799898,549755813888
618,252184920757202.72,3800318,549755813888
619,252110905561789.8,3800343,549755813888
620,252118305126190.8,3801201,549755813888
621,252159126154828.44,3801226,549755813888
622,252203547046760.97,3801646,549755813888
623,252329375458927.1,3801671,549755813888
624,251903893959090.06,3802529,549755813888
625,252129520919076.34,3802554,549755813888
626,252066632869232.97,3802974,549755813888
627,252288615071991.56,3802999,549755813888
628,251992687081334.44,3803857,549755813888
629,252044329022683.53,3803882,549755813888
630,252184920757202.72,3804302,549755813888
631,252236757257436.6,3804327,549755813888
632,251981598954957.75,3805185,549755813888
633,252144207022537.47,3805210,549755813888
634,252181218965294.97,3805630,549755813888
635,252373972215514.75,3805655,549755813888
636,252037049346934.1,3806513,549755813888
637,252044329022683.53,3806538,549755813888
638,252085010506526.2,3806958,549755813888
639,252247867851504.06,3806983,549755813888
640,252025841779414.25,3807841,549755813888
641,252092524148809.84,3807866,549755813888
642,252321963499874.03,3808286,549755813888
643,252318373488744.78,3808311,549755813888
644,251852194166253.22,3809169,549755813888
645,252151608541920.94,3809194,549755813888
646,252048142354001.62,3809614,549755813888
647,252333197420468.25,3809639,549755813888
648,251940950838694.47,3810497,549755813888
649,252155425120148.1,3810522,549755813888
650,252151608541920.94,3810942,549755813888
651,252214539005328.7,3810967,549755813888
652,251981483458776.53,3811825,549755813888
653,252151608541920.94,3811850,549755813888
654,252207249494214.56,3812270,549755813888
655,252321963499874.03,3812295,549755813888
656,251977903129672.22,3813153,549755813888
657,252074029834978.7,3813178,549755813888
658,252148023376706.75,3813598,549755813888
659,252236757257436.6,3813623,549755813888
660,252062818978398.72,3814481,549755813888
661,252088709474445.9,3814506,549755813888
662,252044329022683.53,3814926,549755813888
663,252314551976248.0,3814951,549755813888
664,252036933799915.7,3815809,549755813888
665,252111021176643.25,3815834,549755813888
666,252114605289695.97,3816254,549755813888
667,252344316512392.88,3816279,549755813888
668,252162827298154.94,3817137,549755813888
669,252003660667079.5,3817162,549755813888
670,252036933799915.7,3817582,549755813888
671,252322079308385.47,3817607,549755813888
672,252036933799915.7,3818465,549755813888
673,252092408550920.72,3818490,549755813888
674,252188622657790.0,3818910,549755813888
675,252266387683565.16,3818935,549755813888
676,251929751815960.06,3819793,549755813888
677,252122005071279.03,3819818,549755813888
678,252066632869232.97,3820238,549755813888
679,252348023094132.75,3820263,549755813888
680,252155309464564.94,3821121,549755813888
681,252092408550920.72,3821146,549755813888
682,252229466461979.5,3821566,549755813888
683,252344200683468.03,3821591,549755813888
684,251959310153474.75,3822449,549755813888
685,252170229910765.47,3822474,549755813888
686,252096107735955.56,3822894,549755813888
687,252396218567534.03,3822919,549755813888
688,251926057511395.56,3823777,549755813888
689,252177632958018.1,3823802,549755813888
690,252133221193367.53,3824222,549755813888
691,252296025071924.84,3824247,549755813888
692,251959425629330.44,3825105,549755813888
693,252166412884363.4,3825130,549755813888
694,252125705124965.44,3825550,549755813888
695,252277616655882.72,3825575,549755813888
696,252000079707733.38,3826945,549755813888
697,252092524148809.84,3826970,549755813888
698,252196026785022.1,3827387,549755813888
699,252425886471768.53,3827412,549755813888
700,251992571574988.44,3828267,549755813888
701,252059236337593.94,3828292,549755813888
702,252244164211393.75,3828709,549755813888
703,252336787853445.66,3828734,549755813888
704,251944530117765.34,3829589,549755813888
705,252173931380059.2,3829614,549755813888
706,252340610039538.66,3830031,549755813888
707,252273912142151.1,3830056,549755813888
708,252051724679442.66,3830911,549755813888
709,252170229910765.47,3830936,549755813888
710,252125705124965.44,3831353,549755813888
711,252381271367481.16,3831378,549755813888
712,252033236351266.66,3832233,549755813888
713,252018447641457.78,3832258,549755813888
714,252144322667936.2,3832675,549755813888
715,252199729011676.53,3832700,549755813888
716,251281333336989.94,3833555,549755813888
717,251362102488812.88,3833580,549755813888
718,251435678602970.0,3833997,549755813888
719,251664038533602.7,3834022,549755813888
720,251152646606037.4,3834877,549755813888
721,251446718735292.44,3834902,549755813888
722,252355436584288.8,3835319,549755813888
723,252366441786942.12,3835344,549755813888
724,252011053937358.9,3836199,549755813888
725,252110905561789.8,3836224,549755813888
726,252192440356602.53,3836641,549755813888
727,252418352944849.62,3836666,549755813888
728,251329007284006.78,3837521,549755813888
729,251483526179398.38,3837546,549755813888
730,251601382448821.0,3837963,549755813888
731,251770994496589.3,3837988,549755813888
732,251465121110450.9,3838843,549755813888
733,251402564022032.62,3838868,549755813888
734,251538757554890.72,3839285,549755813888
735,251564540499975.5,3839310,549755813888
736,251465121110450.9,3840165,549755813888
737,251402564022032.62,3840190,549755813888
738,252225763362203.84,3840607,549755813888
739,252336787853445.66,3840632,549755813888
740,252151724194109.12,3841487,549755813888
741,252162827298154.94,3841512,549755813888
742,252318257683635.06,3841929,549755813888
743,252259095175122.66,3841954,549755813888
744,252033236351266.66,3842809,549755813888
745,252218357488844.75,3842834,549755813888
746,252077612896333.12,3843251,549755813888
747,252240460680039.53,3843276,549755813888
748,252088825068942.5,3844131,549755813888
749,252103506431724.12,3844156,549755813888
750,252170114241600.97,3844573,549755813888
751,252199844708010.94,3844598,549755813888
752,252007357247994.16,3845453,549755813888
753,252181334644647.12,3845478,549755813888
754,252199729011676.53,3845895,549755813888
755,252307140888010.78,3845920,549755813888
756,252051840240023.28,3846775,549755813888
757,252085010506526.2,3846800,549755813888
758,252133105558151.9,3847217,549755813888
759,252266387683565.16,3847242,549755813888
760,251940835379772.44,3848097,549755813888
761,252025841779414.25,3848122,549755813888
762,252151608541920.94,3848539,549755813888
763,252166412884363.4,3848564,549755813888
764,252011053937358.9,3849419,549755813888
765,252070331297840.16,3849444,549755813888
766,252210952050376.5,3849861,549755813888
767,252362850510045.25,3849886,549755813888
768,251815394077419.53,3850741,549755813888
769,252014750735178.47,3850766,549755813888
770,252355320745155.28,3851183,549755813888
771,252285026009748.94,3851208,549755813888
772,251878041409732.4,3852063,549755813888
773,252040631357053.12,3852088,549755813888
774,252133221193367.53,3852505,549755813888
775,252362734664105.22,3852530,549755813888
776,251992687081334.44,3853385,549755813888
777,252110905561789.8,3853410,549755813888
778,252096223337237.25,3853827,549755813888
779,252225763362203.84,3853852,549755813888
780,252003776183591.56,3854707,549755813888
781,252077612896333.12,3854732,549755813888
782,252170229910765.47,3855149,549755813888
783,252381271367481.16,3855174,549755813888
784,252140622067792.7,3856029,549755813888
785,252048026796811.75,3856054,549755813888
786,252133105558151.9,3856471,549755813888
787,252299846023227.38,3856496,549755813888
788,252125820753393.06,3857351,549755813888
789,252170114241600.97,3857376,549755813888
790,252144207022537.47,3857793,549755813888
791,252199729011676.53,3857818,549755813888
792,252144207022537.47,3858673,549755813888
793,252107321553927.7,3858698,549755813888
794,252173815707498.9,3859115,549755813888
795,252236757257436.6,3859140,549755813888
796,251892813645275.47,3859995,549755813888
797,251981483458776.53,3860020,549755813888
798,252196026785022.1,3860437,549755813888
799,252307256682916.34,3860462,549755813888
800,252029654551339.28,3861317,549755813888
801,252181334644647.12,3861342,549755813888
802,252214539005328.7,3861759,549755813888
803,252325669424969.75,3861784,549755813888
804,252077612896333.12,3862639,549755813888
805,252140506425788.44,3862664,549755813888
806,252210952050376.5,3863081,549755813888
807,252284910235247.75,3863106,549755813888
808,251981598954957.75,3863961,549755813888
809,252025841779414.25,3863986,549755813888
810,252081311647156.78,3864403,549755813888
811,252388686811332.8,3864428,549755813888
812,252025957316262.56,3865283,549755813888
813,252136921576271.38,3865308,549755813888
814,252166412884363.4,3865725,549755813888
815,252225763362203.84,3865750,549755813888
816,252059236337593.94,3866605,549755813888
817,252148023376706.75,3866630,549755813888
818,252136805937661.5,3867047,549755813888
819,252396218567534.03,3867072,549755813888
820,252025841779414.25,3867927,549755813888
821,252170229910765.47,3867952,549755813888
822,252159010495850.12,3868369,549755813888
823,252210836343850.94,3868394,549755813888
824,252070215720303.34,3869761,549755813888
825,252214539005328.7,3869786,549755813888
826,252192440356602.53,3870206,549755813888
827,252299730235123.9,3870231,549755813888
828,251996267830581.44,3871089,549755813888
829,252077728480653.38,3871114,549755813888
830,252233169670492.2,3871534,549755813888
831,252118305126190.8,3871559,549755813888
832,251974091923393.3,3872417,549755813888
833,252125820753393.06,3872442,549755813888
834,252177632958018.1,3872862,549755813888
835,252173815707498.9,3872887,549755813888
836,252125705124965.44,3873745,549755813888
837,252133105558151.9,3873770,549755813888
838,252185036439951.03,3874190,549755813888
839,252366441786942.12,3874215,549755813888
840,252066517295087.8,3875073,549755813888
841,252122005071279.03,3875098,549755813888
842,252262799253704.7,3875518,549755813888
843,252233053943580.25,3875543,549755813888
844,251974091923393.3,3876401,549755813888
845,252096107735955.56,3876426,549755813888
846,252159010495850.12,3876846,549755813888
847,252384979034937.8,3876871,549755813888
848,251992571574988.44,3877729,549755813888
849,252040746907461.8,3877754,549755813888
850,252166528550132.3,3878174,549755813888
851,252314551976248.0,3878199,549755813888
852,251951919918862.9,3879057,549755813888
853,252151608541920.94,3879082,549755813888
854,252188738343934.53,3879502,549755813888
855,252281205507312.75,3879527,549755813888
856,252036933799915.7,3880385,549755813888
857,252155425120148.1,3880410,549755813888
858,252184920757202.72,3880830,549755813888
859,252422061701905.94,3880855,549755813888
860,251966700821638.8,3881713,549755813888
861,252140506425788.44,3881738,549755813888
862,252122005071279.03,3882158,549755813888
863,252377563808958.06,3882183,549755813888
864,252077612896333.12,3883041,549755813888
865,252233169670492.2,3883066,549755813888
866,252196026785022.1,3883486,549755813888
867,252373856359363.72,3883511,549755813888
868,252025841779414.25,3884369,549755813888
869,252092524148809.84,3884394,549755813888
870,252133105558151.9,3884814,549755813888
871,252355436584288.8,3884839,549755813888
872,251907587613655.03,3885697,549755813888
873,252033236351266.66,3885722,549755813888
874,252151608541920.94,3886142,549755813888
875,252166412884363.4,3886167,549755813888
876,251900200412841.62,3887025,549755813888
877,252140506425788.44,3887050,549755813888
878,252081311647156.78,3887470,549755813888
879,252318373488744.78,3887495,549755813888
880,252096107735955.56,3888353,549755813888
881,252118420747831.06,3888378,549755813888
882,252247867851504.06,3888798,549755813888
883,252418352944849.62,3888823,549755813888
884,252033351894894.8,3889681,549755813888
885,252014750735178.47,3889706,549755813888
886,252303435507150.9,3890126,549755813888
887,252329491274242.4,3890151,549755813888
888,251922478757168.1,3891009,549755813888
889,252051724679442.66,3891034,549755813888
890,252114605289695.97,3891454,549755813888
891,252292435798851.06,3891479,549755813888
892,251889120423948.16,3892337,549755813888
893,252166412884363.4,3892362,549755813888
894,252240460680039.53,3892782,549755813888
895,252255275458012.3,3892807,549755813888
896,252162827298154.94,3893665,549755813888
897,252159010495850.12,3893690,549755813888
898,252244164211393.75,3894110,549755813888
899,252292320017548.97,3894135,549755813888
900,252059120770231.3,3894993,549755813888
901,252118305126190.8,3895018,549755813888
902,252236872987746.84,3895438,549755813888
903,252399810794195.94,3895463,549755813888
904,251881734306181.4,3896321,549755813888
905,252025841779414.25,3896346,549755813888
906,252151724194109.12,3896766,549755813888
907,252414644296774.94,3896791,549755813888
908,251903893959090.06,3897649,549755813888
909,252173815707498.9,3897674,549755813888
910,252277500888181.8,3898094,549755813888
911,252303435507150.9,3898119,549755813888
912,251996383340315.97,3898977,549755813888
913,252162711635781.34,3899002,549755813888
914,252207133791086.12,3899422,549755813888
915,252344316512392.88,3899447,549755813888
916,251985179389090.78,3900305,549755813888
917,252173815707498.9,3900330,549755813888
918,252196026785022.1,3900750,549755813888
919,252207249494214.56,3900775,549755813888
920,252040631357053.12,3901633,549755813888
921,252129520919076.34,3901658,549755813888
922,252184920757202.72,3902078,549755813888
923,252307256682916.34,3902103,549755813888
924,251992571574988.44,3902961,549755813888
925,251963005433360.3,3902986,549755813888
926,252122005071279.03,3903406,549755813888
927,252403634889779.16,3903431,549755813888
928,252155425120148.1,3904289,549755813888
929,252059120770231.3,3904314,549755813888
930,251966816304269.1,3904734,549755813888
931,252362734664105.22,3904759,549755813888
932,251907587613655.03,3905617,549755813888
933,252062934549152.56,3905642,549755813888
934,252192324667061.47,3906062,549755813888
935,252288730849893.12,3906087,549755813888
936,252099807029555.1,3906945,549755813888
937,252173931380059.2,3906970,549755813888
938,252218357488844.75,3907390,549755813888
939,252214539005328.7,3907415,549755813888
940,252044329022683.53,3908273,549755813888
941,252036933799915.7,3908298,549755813888
942,252140622067792.7,3908718,549755813888
943,252262799253704.7,3908743,549755813888
944,251988875427826.53,3909601,549755813888
945,251974091923393.3,3909626,549755813888
946,252259095175122.66,3910046,549755813888
947,252214539005328.7,3910071,549755813888
948,252029539011101.1,3910929,549755813888
949,252151724194109.12,3910954,549755813888
950,252037049346934.1,3911374,549755813888
951,252340494214016.47,3911399,549755813888
952,251900200412841.62,3912769,549755813888
953,252088709474445.9,3912794,549755813888
954,252196026785022.1,3913211,549755813888
955,252281321278413.78,3913236,549755813888
956,252029539011101.1,3914091,549755813888
957,252110905561789.8,3914116,549755813888
958,252270091976312.75,3914533,549755813888
959,252247867851504.06,3914558,549755813888
960,252070215720303.34,3915413,549755813888
961,252048142354001.62,3915438,549755813888
962,252229350738465.56,3915855,549755813888
963,252177517282062.0,3915880,549755813888
964,252073914254050.22,3916735,549755813888
965,252155309464564.94,3916760,549755813888
966,252155309464564.94,3917177,549755813888
967,252344316512392.88,3917202,549755813888
968,251951919918862.9,3918057,549755813888
969,252085010506526.2,3918082,549755813888
970,252236757257436.6,3918499,549755813888
971,252184920757202.72,3918524,549755813888
972,251944530117765.34,3919379,549755813888
973,252059120770231.3,3919404,549755813888
974,252177632958018.1,3919821,549755813888
975,252307140888010.78,3919846,549755813888
976,252018447641457.78,3920701,549755813888
977,252025957316262.56,3920726,549755813888
978,252036933799915.7,3921143,549755813888
979,252266503441066.84,3921168,549755813888
980,252025841779414.25,3922023,549755813888
981,252192440356602.53,3922048,549755813888
982,252092524148809.84,3922465,549755813888
983,252240460680039.53,3922490,549755813888
984,251955614981977.2,3923345,549755813888
985,252177517282062.0,3923370,549755813888
986,252210952050376.5,3923787,549755813888
987,252292435798851.06,3923812,549755813888
988,252140622067792.7,3924667,549755813888
989,251940835379772.44,3924692,549755813888
990,252029539011101.1,3925109,549755813888
991,252277500888181.8,3925134,549755813888
992,251904009384155.62,3925989,549755813888
993,251963005433360.3,3926014,549755813888
994,252133105558151.9,3926431,549755813888
995,252255391205316.03,3926456,549755813888
996,251966816304269.1,3927311,549755813888
997,252110905561789.8,3927336,549755813888
998,252270207737214.1,3927753,549755813888
999,252396218567534.03,3927778,549755813888
1000,252092408550920.72,3928633,549755813888
1001,252159010495850.12,3928658,549755813888
1002,252136805937661.5,3929075,549755813888
1003,252240460680039.53,3929100,549755813888
1004,252114720907942.78,3929955,549755813888
1005,252088825068942.5,3929980,549755813888
1006,252259095175122.66,3930397,549755813888
1007,252377563808958.06,3930422,549755813888
1008,251711973070423.2,3931277,549755813888
1009,251575707076078.25,3931302,549755813888
1010,251369458162459.53,3931719,549755813888
1011,251682587955438.78,3931744,549755813888
1012,251384285750605.62,3932599,549755813888
1013,251402678988125.78,3932624,549755813888
1014,251564540499975.5,3933041,549755813888
1015,251782064095547.47,3933066,549755813888
1016,252044329022683.53,3933921,549755813888
1017,252096107735955.56,3933946,549755813888
1018,252114605289695.97,3934363,549755813888
1019,252340610039538.66,3934388,549755813888
1020,252133221193367.53,3935243,549755813888
1021,252129405287254.8,3935268,549755813888
1022,252225647642087.88,3935685,549755813888
1023,252381271367481.16,3935710,549755813888
1024,251878041409732.4,3936565,549755813888
1025,252159010495850.12,3936590,549755813888
1026,252070331297840.16,3937007,549755813888
1027,252344200683468.03,3937032,549755813888
1028,251996267830581.44,3937887,549755813888
1029,251959425629330.44,3937912,549755813888
1030,252199844708010.94,3938329,549755813888
1031,252192440356602.53,3938354,549755813888
1032,251959310153474.75,3939209,549755813888
1033,252044329022683.53,3939234,549755813888
1034,252255275458012.3,3939651,549755813888
1035,252359027650177.88,3939676,549755813888
1036,252014750735178.47,3940531,549755813888
1037,252114720907942.78,3940556,549755813888
1038,252225763362203.84,3940973,549755813888
1039,252225647642087.88,3940998,549755813888
1040,252003660667079.5,3941853,549755813888
1041,252092524148809.84,3941878,549755813888
1042,252066632869232.97,3942295,549755813888
1043,252288615071991.56,3942320,549755813888
1044,251988875427826.53,3943175,549755813888
1045,252051724679442.66,3943200,549755813888
1046,252292435798851.06,3943617,549755813888
1047,252258979424419.7,3943642,549755813888
1048,251926057511395.56,3944497,549755813888
1049,252133105558151.9,3944522,549755813888
1050,252292320017548.97,3944939,549755813888
1051,252314551976248.0,3944964,549755813888
1052,251900200412841.62,3945819,549755813888
1053,252025841779414.25,3945844,549755813888
1054,252166412884363.4,3946261,549755813888
1055,252277500888181.8,3946286,549755813888
1056,252062818978398.72,3947141,549755813888
1057,252062818978398.72,3947166,549755813888
1058,252225647642087.88,3947583,549755813888
1059,252333081601750.78,3947608,549755813888
1060,251922363315176.2,3948463,549755813888
1061,252081311647156.78,3948488,549755813888
1062,252014750735178.47,3948905,549755813888
1063,252140506425788.44,3948930,549755813888
1064,252029539011101.1,3949785,549755813888
1065,252059120770231.3,3949810,549755813888
1066,252244164211393.75,3950227,549755813888
1067,252344200683468.03,3950252,549755813888
1068,252018447641457.78,3951107,549755813888
1069,252096107735955.56,3951132,549755813888
1070,252196026785022.1,3951549,549755813888
1071,252314551976248.0,3951574,549755813888
1072,251988759924974.8,3952429,549755813888
1073,252133221193367.53,3952454,549755813888
1074,252296025071924.84,3952871,549755813888
1075,252336903675565.4,3952896,549755813888
1076,251881734306181.4,3953751,549755813888
1077,252062818978398.72,3953776,549755813888
1078,252303435507150.9,3954193,549755813888
1079,252273796377850.1,3954218,549755813888
1080,252096107735955.56,3955585,549755813888
1081,252151608541920.94,3955610,549755813888
1082,252270091976312.75,3956030,549755813888
1083,252344200683468.03,3956055,549755813888
1084,252022144656201.44,3956913,549755813888
1085,251977787636879.0,3956938,549755813888
1086,252210836343850.94,3957358,549755813888
1087,252251571600375.38,3957383,549755813888
1088,251988990930784.1,3958241,549755813888
1089,252055538234552.44,3958266,549755813888
1090,252136805937661.5,3958686,549755813888
1091,252396102690957.03,3958711,549755813888
1092,251985179389090.78,3959569,549755813888
1093,252051724679442.66,3959594,549755813888
1094,252166412884363.4,3960014,549755813888
1095,252266387683565.16,3960039,549755813888
1096,251870655941679.38,3960897,549755813888
1097,252136805937661.5,3960922,549755813888
1098,252307256682916.34,3961342,549755813888
1099,252325785236883.12,3961367,549755813888
1100,252051724679442.66,3962225,549755813888
1101,252277500888181.8,3962250,549755813888
1102,252307256682916.34,3962670,549755813888
1103,252366441786942.12,3962695,549755813888
1104,251881849710940.28,3963553,549755813888
1105,252181103286049.06,3963578,549755813888
1106,252147907727913.38,3963998,549755813888
1107,252362734664105.22,3964023,549755813888
1108,251981483458776.53,3964881,549755813888
1109,252229350738465.56,3964906,549755813888
1110,252181218965294.97,3965326,549755813888
1111,252277500888181.8,3965351,549755813888
1112,251977787636879.0,3966209,549755813888
1113,252140506425788.44,3966234,549755813888
1114,252162827298154.94,3966654,549755813888
1115,252296025071924.84,3966679,549755813888
1116,251981483458776.53,3967537,549755813888
1117,252059120770231.3,3967562,549755813888
1118,252214539005328.7,3967982,549755813888
1119,252281205507312.75,3968007,549755813888
1120,252070215720303.34,3968865,549755813888
1121,252007472767895.25,3968890,549755813888
1122,252144207022537.47,3969310,549755813888
1123,252451735682269.16,3969335,549755813888
1124,252033236351266.66,3970193,549755813888
1125,252136805937661.5,3970218,549755813888
1126,252107205942467.44,3970638,549755813888
1127,252251687344280.12,3970663,549755813888
1128,251977787636879.0,3971521,549755813888
1129,252118305126190.8,3971546,549755813888
1130,252185036439951.03,3971966,549755813888
1131,252233169670492.2,3971991,549755813888
1132,252011053937358.9,3972849,549755813888
1133,252096107735955.56,3972874,549755813888
1134,252133221193367.53,3973294,549755813888
1135,252314667777956.25,3973319,549755813888
1136,251974091923393.3,3974177,549755813888
1137,252210952050376.5,3974202,549755813888
1138,252177517282062.0,3974622,549755813888
1139,252233053943580.25,3974647,549755813888
1140,252029539011101.1,3975505,549755813888
1141,252099807029555.1,3975530,549755813888
1142,252048026796811.75,3975950,549755813888
1143,252388802681100.56,3975975,549755813888
1144,252085010506526.2,3976833,549755813888
1145,252059236337593.94,3976858,549755813888
1146,252103506431724.12,3977278,549755813888
1147,252210836343850.94,3977303,549755813888
1148,251926172956773.2,3978161,549755813888
1149,252044444576482.66,3978186,549755813888
1150,252292320017548.97,3978606,549755813888
1151,252281205507312.75,3978631,549755813888
1152,252044329022683.53,3979489,549755813888
1153,252155309464564.94,3979514,549755813888
1154,252333081601750.78,3979934,549755813888
1155,252299730235123.9,3979959,549755813888
1156,251944530117765.34,3980817,549755813888
1157,252099807029555.1,3980842,549755813888
1158,252207249494214.56,3981262,549755813888
1159,252340494214016.47,3981287,549755813888
1160,251999964194610.25,3982145,549755813888
1161,251992687081334.44,3982170,549755813888
1162,252007472767895.25,3982590,549755813888
1163,252340494214016.47,3982615,549755813888
1164,252029654551339.28,3983473,549755813888
1165,252114605289695.97,3983498,549755813888
1166,252307256682916.34,3983918,549755813888
1167,252207133791086.12,3983943,549755813888
1168,252155309464564.94,3984801,549755813888
1169,252066517295087.8,3984826,549755813888
1170,252344200683468.03,3985246,549755813888
1171,252221944654442.4,3985271,549755813888
1172,252059120770231.3,3986129,549755813888
1173,251966700821638.8,3986154,549755813888
1174,252203431347029.6,3986574,549755813888
1175,252299730235123.9,3986599,549755813888
1176,251937140750143.8,3987457,549755813888
1177,252125705124965.44,3987482,549755813888
1178,252147907727913.38,3987902,549755813888
1179,252318257683635.06,3987927,549755813888
1180,251988875427826.53,3988785,549755813888
1181,252214654715251.62,3988810,549755813888
1182,252173931380059.2,3989230,549755813888
1183,252407227327551.12,3989255,549755813888
1184,252140506425788.44,3990113,549755813888
1185,252151608541920.94,3990138,549755813888
1186,252129405287254.8,3990558,549755813888
1187,252247867851504.06,3990583,549755813888
1188,251999964194610.25,3991441,549755813888
1189,252103506431724.12,3991466,549755813888
1190,252184920757202.72,3991886,549755813888
1191,252288615071991.56,3991911,549755813888
1192,251977903129672.22,3992769,549755813888
1193,252107321553927.7,3992794,549755813888
1194,252218241775524.25,3993214,549755813888
1195,252355320745155.28,3993239,549755813888
1196,252177517282062.0,3994097,549755813888
1197,252110905561789.8,3994122,549755813888
1198,252277616655882.72,3994542,549755813888
1199,252344316512392.88,3994567,549755813888
1200,252096107735955.56,3995425,549755813888
1201,252140622067792.7,3995450,549755813888
1202,252218357488844.75,3995870,549755813888
1203,252281321278413.78,3995895,549755813888
1204,251937140750143.8,3996753,549755813888
1205,252210836343850.94,3996778,549755813888
1206,252099807029555.1,3997198,549755813888
1207,252314551976248.0,3997223,549755813888
1208,251940835379772.44,3998588,549755813888
1209,252107205942467.44,3998613,549755813888
1210,252199729011676.53,3999025,549755813888
1211,252244164211393.75,3999050,549755813888
1212,252073914254050.22,3999846,549755813888
1213,252125705124965.44,3999871,549755813888
1214,252255391205316.03,4000283,549755813888
1215,252285026009748.94,4000308,549755813888
1216,252025841779414.25,4001104,549755813888
1217,252066517295087.8,4001129,549755813888
1218,252103506431724.12,4001541,549755813888
1219,252262683499602.4,4001566,549755813888
1220,252003660667079.5,4002362,549755813888
1221,252155425120148.1,4002387,549755813888
1222,252122005071279.03,4002799,549755813888
1223,252325669424969.75,4002824,549755813888
1224,251855886304819.6,4003620,549755813888
1225,252159010495850.12,4003645,549755813888
1226,252229466461979.5,4004057,549755813888
1227,252396218567534.03,4004082,549755813888
1228,252122005071279.03,4004878,549755813888
1229,252055422670580.9,4004903,549755813888
1230,252088709474445.9,4005315,549755813888
1231,252236757257436.6,4005340,549755813888
1232,251999964194610.25,4006136,549755813888
1233,252088709474445.9,4006161,549755813888
1234,252173931380059.2,4006573,549755813888
1235,252325669424969.75,4006598,549755813888
1236,252107205942467.44,4007394,549755813888
1237,252221944654442.4,4007419,549755813888
1238,252233053943580.25,4007831,549755813888
1239,252459155267512.0,4007856,549755813888
1240,252022144656201.44,4008652,549755813888
1241,252118189504656.7,4008677,549755813888
1242,252162711635781.34,4009089,549755813888
1243,252384979034937.8,4009114,549755813888
1244,251944530117765.34,4009910,549755813888
1245,252107205942467.44,4009935,549755813888
1246,252288615071991.56,4010347,549755813888
1247,252233053943580.25,4010372,549755813888
1248,251996267830581.44,4011168,549755813888
1249,252107205942467.44,4011193,549755813888
1250,252166528550132.3,4011605,549755813888
1251,252288730849893.12,4011630,549755813888
1252,252073914254050.22,4012426,549755813888
1253,252081427234869.06,4012451,549755813888
1254,252092408550920.72,4012863,549755813888
1255,252362734664105.22,4012888,549755813888
1256,251885427310918.38,4013684,549755813888
1257,252114605289695.97,4013709,549755813888
1258,252203431347029.6,4014121,549755813888
1259,252244164211393.75,4014146,549755813888
1260,252099807029555.1,4014942,549755813888
1261,252207133791086.12,4014967,549755813888
1262,252236757257436.6,4015379,549755813888
1263,252188622657790.0,4015404,549755813888
1264,252025957316262.56,4016200,549755813888
1265,251981598954957.75,4016225,549755813888
1266,252173815707498.9,4016637,549755813888
1267,252359027650177.88,4016662,549755813888
1268,252136921576271.38,4017458,549755813888
1269,252073914254050.22,4017483,549755813888
1270,252210836343850.94,4017895,549755813888
1271,252258979424419.7,4017920,549755813888
1272,251914975247753.9,4018716,549755813888
1273,252003660667079.5,4018741,549755813888
1274,252122005071279.03,4019153,549755813888
1275,252207133791086.12,4019178,549755813888
1276,252022144656201.44,4019974,549755813888
1277,252144207022537.47,4019999,549755813888
1278,252151608541920.94,4020411,549755813888
1279,252251571600375.38,4020436,549755813888
1280,251977787636879.0,4021232,549755813888
1281,252177517282062.0,4021257,549755813888
1282,252151724194109.12,4021669,549755813888
1283,252292435798851.06,4021694,549755813888
1284,252162711635781.34,4022490,549755813888
1285,252110905561789.8,4022515,549755813888
1286,252114605289695.97,4022927,549755813888
1287,252266387683565.16,4022952,549755813888
1288,252096107735955.56,4023748,549755813888
1289,252122005071279.03,4023773,549755813888
1290,252096107735955.56,4024185,549755813888
1291,252281321278413.78,4024210,549755813888
1292,251992571574988.44,4025006,549755813888
1293,252066517295087.8,4025031,549755813888
1294,252014750735178.47,4025443,549755813888
1295,252240460680039.53,4025468,549755813888
1296,251870655941679.38,4026264,549755813888
1297,252177517282062.0,4026289,549755813888
1298,252033236351266.66,4026701,549755813888
1299,252270091976312.75,4026726,549755813888
1300,251874348621566.62,4027522,549755813888
1301,252133105558151.9,4027547,549755813888
1302,252036933799915.7,4027959,549755813888
1303,252225647642087.88,4027984,549755813888
1304,251985179389090.78,4028780,549755813888
1305,252011053937358.9,4028805,549755813888
1306,252273912142151.1,4029217,549755813888
1307,252388686811332.8,4029242,549755813888
1308,251889120423948.16,4030038,549755813888
1309,252140506425788.44,4030063,549755813888
1310,252074029834978.7,4030475,549755813888
1311,252377679668513.03,4030500,549755813888
1312,252103506431724.12,4031296,549755813888
1313,252062934549152.56,4031321,549755813888
1314,252229350738465.56,4031733,549755813888
1315,252188622657790.0,4031758,549755813888
1316,251992571574988.44,4032554,549755813888
1317,252196026785022.1,4032579,549755813888
1318,252051724679442.66,4032991,549755813888
1319,252184920757202.72,4033016,549755813888
1320,251922363315176.2,4033812,549755813888
1321,252085010506526.2,4033837,549755813888
1322,252096107735955.56,4034249,549755813888
1323,252192324667061.47,4034274,549755813888
1324,251951919918862.9,4035070,549755813888
1325,252029539011101.1,4035095,549755813888
1326,252255275458012.3,4035507,549755813888
1327,252425770567948.53,4035532,549755813888
1328,251818969789830.12,4036328,549755813888
1329,252073914254050.22,4036353,549755813888
1330,252207133791086.12,4036765,549755813888
1331,252303435507150.9,4036790,549755813888
1332,251988875427826.53,4037586,549755813888
1333,252155425120148.1,4037611,549755813888
1334,252192440356602.53,4038023,549755813888
1335,252285026009748.94,4038048,549755813888
1336,248698531659587.7,3397825,549755813888
1337,249004925642638.78,3397850,549755813888
1338,249048242088186.8,3398267,549755813888
1339,249116857290063.2,3398292,549755813888
1340,251229773938094.16,3399147,549755813888
1341,251097584641714.12,3399172,549755813888
1342,251123277220264.88,3399589,549755813888
1343,251266517891038.12,3399614,549755813888
1344,251778489431140.1,3400469,549755813888
1345,251708285150077.9,3400494,549755813888
1346,251667840366224.94,3400911,549755813888
1347,251874464019557.78,3400936,549755813888
1348,251859578551640.66,3401791,549755813888
1349,251844925584791.7,3401816,549755813888
1350,251811587785469.34,3402233,549755813888
1351,251870771336286.84,3402258,549755813888
1352,251804321547626.34,3403113,549755813888
1353,251778374121074.9,3403138,549755813888
1354,251822776304952.66,3403555,549755813888
1355,251892813645275.47,3403580,549755813888
1356,251785869495004.62,3404435,549755813888
1357,251815278733548.6,3404460,549755813888
1358,251841118400034.44,3404877,549755813888
1359,251889235835475.3,3404902,549755813888
1360,251785869495004.62,3405757,549755813888
1361,251959310153474.75,3405782,549755813888
1362,252074029834978.7,3406199,549755813888
1363,252251571600375.38,3406224,549755813888
1364,251907587613655.03,3407079,549755813888
1365,251977903129672.22,3407104,549755813888
1366,252188622657790.0,3407521,549755813888
1367,252255391205316.03,3407546,549755813888
1368,252040631357053.12,3408401,549755813888
1369,252070215720303.34,3408426,549755813888
1370,252222060371160.5,3408843,549755813888
1371,252381387230440.25,3408868,549755813888
1372,251852194166253.22,3409723,549755813888
1373,252033236351266.66,3409748,549755813888
1374,252273912142151.1,3410165,549755813888
1375,252222060371160.5,3410190,549755813888
1376,252040631357053.12,3411045,549755813888
1377,252188738343934.53,3411070,549755813888
1378,252281321278413.78,3411487,549755813888
1379,252296140856627.5,3411512,549755813888
1380,251933446228874.62,3412367,549755813888
1381,251963120912603.34,3412392,549755813888
1382,252070331297840.16,3412809,549755813888
1383,252307140888010.78,3412834,549755813888
1384,251811703125958.97,3413689,549755813888
1385,252166412884363.4,3413714,549755813888
1386,252270207737214.1,3414131,549755813888
1387,252359143492714.6,3414156,549755813888
1388,251977787636879.0,3415011,549755813888
1389,252014866261857.97,3415036,549755813888
1390,252207133791086.12,3415453,549755813888
1391,252422177602320.0,3415478,549755813888
1392,251974091923393.3,3416333,549755813888
1393,252062934549152.56,3416358,549755813888
1394,252081311647156.78,3416775,549755813888
1395,252233169670492.2,3416800,549755813888
1396,251977787636879.0,3417655,549755813888
1397,252007472767895.25,3417680,549755813888
1398,252181334644647.12,3418097,549755813888
1399,252359143492714.6,3418122,549755813888
1400,252003776183591.56,3418977,549755813888
1401,252051724679442.66,3419002,549755813888
1402,252262683499602.4,3419419,549755813888
1403,252281321278413.78,3419444,549755813888
1404,251929867264723.6,3420299,549755813888
1405,252029654551339.28,3420324,549755813888
1406,252266387683565.16,3420741,549755813888
1407,252233169670492.2,3420766,549755813888
1408,251952035387944.75,3421621,549755813888
1409,252114605289695.97,3421646,549755813888
1410,252207133791086.12,3422063,549755813888
1411,252355320745155.28,3422088,549755813888
1412,251815394077419.53,3422943,549755813888
1413,251951919918862.9,3422968,549755813888
1414,252173931380059.2,3423385,549755813888
1415,252403634889779.16,3423410,549755813888
1416,251992571574988.44,3424265,549755813888
1417,251922478757168.1,3424290,549755813888
1418,252110905561789.8,3424707,549755813888
1419,252333197420468.25,3424732,549755813888
1420,251693649781661.78,3425587,549755813888
1421,252077728480653.38,3425612,549755813888
1422,252284910235247.75,3426029,549755813888
1423,252355436584288.8,3426054,549755813888
1424,252066517295087.8,3426909,549755813888
1425,252111021176643.25,3426934,549755813888
1426,252162827298154.94,3427351,549755813888
1427,252292320017548.97,3427376,549755813888
1428,251878156811107.34,3428231,549755813888
1429,252003776183591.56,3428256,549755813888
1430,252077728480653.38,3428673,549755813888
1431,252199729011676.53,3428698,549755813888
1432,252018447641457.78,3429553,549755813888
1433,251977903129672.22,3429578,549755813888
1434,252092524148809.84,3429995,549755813888
1435,252255275458012.3,3430020,549755813888
1436,251992571574988.44,3430875,549755813888
1437,252077612896333.12,3430900,549755813888
1438,252236872987746.84,3431317,549755813888
1439,252410935757677.06,3431342,549755813888
1440,252255391205316.03,3432197,549755813888
1441,252014750735178.47,3432222,549755813888
1442,252244279948500.97,3432639,549755813888
1443,252381271367481.16,3432664,549755813888
1444,251892813645275.47,3433519,549755813888
1445,252048142354001.62,3433544,549755813888
1446,252181334644647.12,3433961,549755813888
1447,252355320745155.28,3433986,549755813888
1448,251937140750143.8,3434841,549755813888
1449,252025957316262.56,3434866,549755813888
1450,252218357488844.75,3435283,549755813888
1451,252329491274242.4,3435308,549755813888
1452,251959425629330.44,3436163,549755813888
1453,252014750735178.47,3436188,549755813888
1454,252296025071924.84,3436605,549755813888
1455,252425770567948.53,3436630,549755813888
1456,251988990930784.1,3437485,549755813888
1457,251892813645275.47,3437510,549755813888
1458,252088709474445.9,3437927,549755813888
1459,252262683499602.4,3437952,549755813888
1460,251963005433360.3,3438807,549755813888
1461,251977903129672.22,3438832,549755813888
1462,252159010495850.12,3439249,549755813888
1463,252188738343934.53,3439274,549755813888
1464,251948340429822.3,3440641,549755813888
1465,252240576413748.22,3440666,549755813888
1466,252251687344280.12,3441086,549755813888
1467,252388802681100.56,3441111,549755813888
1468,251970396318314.84,3441969,549755813888
1469,252199844708010.94,3441994,549755813888
1470,252074029834978.7,3442414,549755813888
1471,252144207022537.47,3442439,549755813888
1472,252014750735178.47,3443297,549755813888
1473,252085126097630.53,3443322,549755813888
1474,252074029834978.7,3443742,549755813888
1475,252281205507312.75,3443767,549755813888
1476,251870655941679.38,3444625,549755813888
1477,252029539011101.1,3444650,549755813888
1478,252299846023227.38,3445070,549755813888
1479,252233053943580.25,3445095,549755813888
1480,251996267830581.44,3445953,549755813888
1481,252122005071279.03,3445978,549755813888
1482,252210952050376.5,3446398,549755813888
1483,252284910235247.75,3446423,549755813888
1484,252000079707733.38,3447281,549755813888
1485,252159010495850.12,3447306,549755813888
1486,252233169670492.2,3447726,549755813888
1487,252229466461979.5,3447751,549755813888
1488,251940950838694.47,3448609,549755813888
1489,252066517295087.8,3448634,549755813888
1490,252114720907942.78,3449054,549755813888
1491,252285026009748.94,3449079,549755813888
1492,251996383340315.97,3449937,549755813888
1493,252173931380059.2,3449962,549755813888
1494,252059236337593.94,3450382,549755813888
1495,252403634889779.16,3450407,549755813888
1496,251874464019557.78,3451265,549755813888
1497,252184920757202.72,3451290,549755813888
1498,252188622657790.0,3451710,549755813888
1499,252422177602320.0,3451735,549755813888
1500,252118420747831.06,3452593,549755813888
1501,251892929060186.97,3452618,549755813888
1502,252270091976312.75,3453038,549755813888
1503,252148023376706.75,3453063,549755813888
1504,252129520919076.34,3453921,549755813888
1505,252077612896333.12,3453946,549755813888
1506,252162711635781.34,3454366,549755813888
1507,252355436584288.8,3454391,549755813888
1508,252096223337237.25,3455249,549755813888
1509,252207133791086.12,3455274,549755813888
1510,252244164211393.75,3455694,549755813888
1511,252277616655882.72,3455719,549755813888
1512,251918669227297.2,3456577,549755813888
1513,251996383340315.97,3456602,549755813888
1514,252233169670492.2,3457022,549755813888
1515,252173815707498.9,3457047,549755813888
1516,251922478757168.1,3457905,549755813888
1517,252173815707498.9,3457930,549755813888
1518,252203431347029.6,3458350,549755813888
1519,252310962176015.03,3458375,549755813888
1520,252011169460649.06,3459233,549755813888
1521,252159010495850.12,3459258,549755813888
1522,252151724194109.12,3459678,549755813888
1523,252218241775524.25,3459703,549755813888
1524,252040631357053.12,3460561,549755813888
1525,252074029834978.7,3460586,549755813888
1526,252188622657790.0,3461006,549755813888
1527,252118305126190.8,3461031,549755813888
1528,251992571574988.44,3461889,549755813888
1529,252103622039791.38,3461914,549755813888
1530,252214539005328.7,3462334,549755813888
1531,252240576413748.22,3462359,549755813888
1532,252136805937661.5,3463217,549755813888
1533,252092524148809.84,3463242,549755813888
1534,252118305126190.8,3463662,549755813888
1535,252296140856627.5,3463687,549755813888
1536,251874464019557.78,3464545,549755813888
1537,252018447641457.78,3464570,549755813888
1538,252251687344280.12,3464990,549755813888
1539,252448026053187.34,3465015,549755813888
1540,252011169460649.06,3465873,549755813888
1541,251951919918862.9,3465898,549755813888
1542,252181218965294.97,3466318,549755813888
1543,252310962176015.03,3466343,549755813888
1544,251365780271824.28,3467201,549755813888
1545,251468916935400.5,3467226,549755813888
1546,251524141893344.84,3467646,549755813888
1547,251575591951679.7,3467671,549755813888
1548,251391642722637.62,3468529,549755813888
1549,251560972009418.97,3468554,549755813888
1550,251571908026557.66,3468974,549755813888
1551,251608867288309.8,3468999,549755813888
1552,251417280536643.88,3469857,549755813888
1553,251483526179398.38,3469882,549755813888
1554,251505615818769.62,3470302,549755813888
1555,251660467219711.1,3470327,549755813888
1556,252011053937358.9,3471185,549755813888
1557,252151724194109.12,3471210,549755813888
1558,252296140856627.5,3471630,549755813888
1559,252229350738465.56,3471655,549755813888
1560,251347507348550.72,3472513,549755813888
1561,251420959934510.06,3472538,549755813888
1562,251505730879133.03,3472958,549755813888
1563,251660352017724.78,3472983,549755813888
1564,251439358539357.44,3473841,549755813888
1565,251439473539105.22,3473866,549755813888
1566,251549806741326.25,3474286,549755813888
1567,251601382448821.0,3474311,549755813888
1568,251384170801334.3,3475169,549755813888
1569,251498252174481.94,3475194,549755813888
1570,251557173404911.03,3475614,549755813888
1571,251557173404911.03,3475639,549755813888
1572,251955730454445.84,3593269,549755813888
1573,252022144656201.44,3593294,549755813888
1574,252233169670492.2,3593711,549755813888
1575,252270091976312.75,3593736,549755813888
1576,251896622393201.06,3594591,549755813888
1577,252022144656201.44,3594616,549755813888
1578,252185036439951.03,3595033,549755813888
1579,252296025071924.84,3595058,549755813888
1580,252014866261857.97,3595913,549755813888
1581,252092524148809.84,3595938,549755813888
1582,252203547046760.97,3596355,549755813888
1583,252247983592010.0,3596380,549755813888
1584,251974207412798.84,3597235,549755813888
1585,252011053937358.9,3597260,549755813888
1586,252066632869232.97,3597677,549755813888
1587,252255275458012.3,3597702,549755813888
1588,251833850457854.0,3598557,549755813888
1589,251966700821638.8,3598582,549755813888
1590,252110905561789.8,3598999,549755813888
1591,252277500888181.8,3599024,549755813888
1592,251926057511395.56,3599879,549755813888
1593,252066632869232.97,3599904,549755813888
1594,252214654715251.62,3600321,549755813888
1595,252385094901301.1,3600346,549755813888
1596,251959425629330.44,3601201,549755813888
1597,252107205942467.44,3601226,549755813888
1598,252162827298154.94,3601643,549755813888
1599,252399810794195.94,3601668,549755813888
1600,251929751815960.06,3602523,549755813888
1601,251988990930784.1,3602548,549755813888
1602,252221944654442.4,3602965,549755813888
1603,252262683499602.4,3602990,549755813888
1604,251926172956773.2,3603845,549755813888
1605,252192440356602.53,3603870,549755813888
1606,252048142354001.62,3604287,549755813888
1607,252296025071924.84,3604312,549755813888
1608,251966700821638.8,3605167,549755813888
1609,251992571574988.44,3605192,549755813888
1610,252170114241600.97,3605609,549755813888
1611,252111021176643.25,3605634,549755813888
1612,252122120696312.88,3606489,549755813888
1613,252059120770231.3,3606514,549755813888
1614,251985179389090.78,3606931,549755813888
1615,252244279948500.97,3606956,549755813888
1616,252037049346934.1,3607811,549755813888
1617,252062818978398.72,3607836,549755813888
1618,252229350738465.56,3608253,549755813888
1619,252340610039538.66,3608278,549755813888
1620,251926057511395.56,3609133,549755813888
1621,252177517282062.0,3609158,549755813888
1622,252133105558151.9,3609575,549755813888
1623,252292435798851.06,3609600,549755813888
1624,252059120770231.3,3610455,549755813888
1625,252033236351266.66,3610480,549755813888
1626,252114720907942.78,3610897,549755813888
1627,252333081601750.78,3610922,549755813888
1628,251963120912603.34,3612289,549755813888
1629,252148023376706.75,3612314,549755813888
1630,252148023376706.75,3612734,549755813888
1631,252192324667061.47,3612759,549755813888
1632,251955730454445.84,3613617,549755813888
1633,252110905561789.8,3613642,549755813888
1634,252314551976248.0,3614062,549755813888
1635,252288615071991.56,3614087,549755813888
1636,251926172956773.2,3614945,549755813888
1637,252081311647156.78,3614970,549755813888
1638,252136805937661.5,3615390,549755813888
1639,252236872987746.84,3615415,549755813888
1640,252077612896333.12,3616273,549755813888
1641,252081311647156.78,3616298,549755813888
1642,252166412884363.4,3616718,549755813888
1643,252292320017548.97,3616743,549755813888
1644,251970396318314.84,3617601,549755813888
1645,252140622067792.7,3617626,549755813888
1646,252033351894894.8,3618046,549755813888
1647,252351613949032.62,3618071,549755813888
1648,252062818978398.72,3618929,549755813888
1649,252118420747831.06,3618954,549755813888
1650,252273912142151.1,3619374,549755813888
1651,252292320017548.97,3619399,549755813888
1652,252014750735178.47,3620257,549755813888
1653,252092524148809.84,3620282,549755813888
1654,252266503441066.84,3620702,549755813888
1655,252292320017548.97,3620727,549755813888
1656,251970396318314.84,3621585,549755813888
1657,252136805937661.5,3621610,549755813888
1658,252192440356602.53,3622030,549755813888
1659,252270091976312.75,3622055,549755813888
1660,251996267830581.44,3622913,549755813888
1661,252033351894894.8,3622938,549755813888
1662,252170114241600.97,3623358,549755813888
1663,252429479542982.38,3623383,549755813888
1664,252111021176643.25,3624241,549755813888
1665,252181218965294.97,3624266,549755813888
1666,252103506431724.12,3624686,549755813888
1667,252118420747831.06,3624711,549755813888
1668,252025957316262.56,3625569,549755813888
1669,252107205942467.44,3625594,549755813888
1670,252185036439951.03,3626014,549755813888
1671,252270207737214.1,3626039,549755813888
1672,252040631357053.12,3626897,549755813888
1673,252111021176643.25,3626922,549755813888
1674,252181218965294.97,3627342,549755813888
1675,252285026009748.94,3627367,549755813888
1676,251914975247753.9,3628225,549755813888
1677,252159126154828.44,3628250,549755813888
1678,252221944654442.4,3628670,549755813888
1679,252314551976248.0,3628695,549755813888
1680,252151724194109.12,3629553,549755813888
1681,252192324667061.47,3629578,549755813888
1682,252118305126190.8,3629998,549755813888
1683,252422061701905.94,3630023,549755813888
1684,251955730454445.84,3630881,549755813888
1685,252103506431724.12,3630906,549755813888
1686,252085010506526.2,3631326,549755813888
1687,252385094901301.1,3631351,549755813888
1688,251878041409732.4,3632209,549755813888
1689,252177517282062.0,3632234,549755813888
1690,252181334644647.12,3632654,549755813888
1691,252333081601750.78,3632679,549755813888
1692,252014750735178.47,3633537,549755813888
1693,252081311647156.78,3633562,549755813888
1694,252070215720303.34,3633982,549755813888
1695,252414760190377.75,3634007,549755813888
1696,252051724679442.66,3634865,549755813888
1697,252155309464564.94,3634890,549755813888
1698,252159010495850.12,3635310,549755813888
1699,252351613949032.62,3635335,549755813888
1700,252003660667079.5,3636193,549755813888
1701,252099922634229.44,3636218,549755813888
1702,252129520919076.34,3636638,549755813888
1703,252173815707498.9,3636663,549755813888
1704,251959310153474.75,3637521,549755813888
1705,251963005433360.3,3637546,549755813888
1706,252273912142151.1,3637966,549755813888
1707,252214539005328.7,3637991,549755813888
1708,251907587613655.03,3638849,549755813888
1709,252088709474445.9,3638874,549755813888
1710,252122120696312.88,3639294,549755813888
1711,252162711635781.34,3639319,549755813888
1712,252110905561789.8,3640177,549755813888
1713,252151724194109.12,3640202,549755813888
1714,252207133791086.12,3640622,549755813888
1715,252207133791086.12,3640647,549755813888
1716,252070331297840.16,3641505,549755813888
1717,252025841779414.25,3641530,549755813888
1718,252229466461979.5,3641950,549755813888
1719,252092524148809.84,3641975,549755813888
1720,251955730454445.84,3642833,549755813888
1721,252136805937661.5,3642858,549755813888
1722,252125705124965.44,3643278,549755813888
1723,252273912142151.1,3643303,549755813888
1724,251863270906721.06,3644161,549755813888
1725,252062934549152.56,3644186,549755813888
1726,252196026785022.1,3644606,549755813888
1727,252221944654442.4,3644631,549755813888
1728,251878041409732.4,3645489,549755813888
1729,251907703042105.62,3645514,549755813888
1730,252070215720303.34,3645934,549755813888
1731,252281321278413.78,3645959,549755813888
1732,252070331297840.16,3646817,549755813888
1733,251996267830581.44,3646842,549755813888
1734,252214539005328.7,3647262,549755813888
1735,252351613949032.62,3647287,549755813888
1736,251988875427826.53,3648145,549755813888
1737,252118305126190.8,3648170,549755813888
1738,252214539005328.7,3648590,549755813888
1739,252359027650177.88,3648615,549755813888
1740,252044329022683.53,3649473,549755813888
1741,252070215720303.34,3649498,549755813888
1742,252207249494214.56,3649918,549755813888
1743,252307140888010.78,3649943,549755813888
1744,252003660667079.5,3650801,549755813888
1745,252025841779414.25,3650826,549755813888
1746,252070215720303.34,3651246,549755813888
1747,252373856359363.72,3651271,549755813888
1748,251996267830581.44,3652129,549755813888
1749,252044444576482.66,3652154,549755813888
1750,252055538234552.44,3652574,549755813888
1751,252244164211393.75,3652599,549755813888
1752,251959310153474.75,3653457,549755813888
1753,252062934549152.56,3653482,549755813888
1754,252151724194109.12,3653902,549755813888
1755,252292320017548.97,3653927,549755813888
1756,252070215720303.34,3655297,549755813888
1757,252122005071279.03,3655322,549755813888
1758,252140506425788.44,3655739,549755813888
1759,252333197420468.25,3655764,549755813888
1760,251985294888660.16,3656619,549755813888
1761,252096107735955.56,3656644,549755813888
1762,252107205942467.44,3657061,549755813888
1763,252299730235123.9,3657086,549755813888
1764,251963005433360.3,3657941,549755813888
1765,252233053943580.25,3657966,549755813888
1766,252096107735955.56,3658383,549755813888
1767,252244164211393.75,3658408,549755813888
1768,252007357247994.16,3659263,549755813888
1769,251929751815960.06,3659288,549755813888
1770,252096107735955.56,3659705,549755813888
1771,252366441786942.12,3659730,549755813888
1772,252044329022683.53,3660585,549755813888
1773,252118305126190.8,3660610,549755813888
1774,252285026009748.94,3661027,549755813888
1775,252188738343934.53,3661052,549755813888
1776,252044329022683.53,3661907,549755813888
1777,251996267830581.44,3661932,549755813888
1778,252203547046760.97,3662349,549755813888
1779,252292320017548.97,3662374,549755813888
1780,251988875427826.53,3663229,549755813888
1781,252129405287254.8,3663254,549755813888
1782,252144322667936.2,3663671,549755813888
1783,252247867851504.06,3663696,549755813888
1784,252066517295087.8,3664551,549755813888
1785,252136805937661.5,3664576,549755813888
1786,252170114241600.97,3664993,549755813888
1787,252318373488744.78,3665018,549755813888
1788,251974091923393.3,3665873,549755813888
1789,252136805937661.5,3665898,549755813888
1790,252203431347029.6,3666315,549755813888
1791,252355320745155.28,3666340,549755813888
1792,252033236351266.66,3667195,549755813888
1793,252040746907461.8,3667220,549755813888
1794,252214539005328.7,3667637,549755813888
1795,252329491274242.4,3667662,549755813888
1796,251996383340315.97,3668517,549755813888
1797,252125820753393.06,3668542,549755813888
1798,252173931380059.2,3668959,549755813888
1799,252247867851504.06,3668984,549755813888
1800,252014750735178.47,3669839,549755813888
1801,252129405287254.8,3669864,549755813888
1802,252092524148809.84,3670281,549755813888
1803,252255275458012.3,3670306,549755813888
1804,252048026796811.75,3671161,549755813888
1805,252122120696312.88,3671186,549755813888
1806,252085010506526.2,3671603,549755813888
1807,252366557636285.7,3671628,549755813888
1808,252011053937358.9,3672483,549755813888
1809,252148023376706.75,3672508,549755813888
1810,252221944654442.4,3672925,549755813888
1811,252407227327551.12,3672950,549755813888
1812,251977787636879.0,3673805,549755813888
1813,252147907727913.38,3673830,549755813888
1814,252192440356602.53,3674247,549755813888
1815,252407227327551.12,3674272,549755813888
1816,252125820753393.06,3675127,549755813888
1817,252092524148809.84,3675152,549755813888
1818,252296025071924.84,3675569,549755813888
1819,252262799253704.7,3675594,549755813888
1820,251885427310918.38,3676449,549755813888
1821,252066517295087.8,3676474,549755813888
1822,252159010495850.12,3676891,549755813888
1823,252251571600375.38,3676916,549755813888
1824,252088709474445.9,3677771,549755813888
1825,252177632958018.1,3677796,549755813888
1826,252181218965294.97,3678213,549755813888
1827,252236872987746.84,3678238,549755813888
1828,251944645580073.78,3679093,549755813888
1829,252099807029555.1,3679118,549755813888
1830,252307140888010.78,3679535,549755813888
1831,252277616655882.72,3679560,549755813888
1832,251970396318314.84,3680415,549755813888
1833,252159126154828.44,3680440,549755813888
1834,252181334644647.12,3680857,549755813888
1835,252266503441066.84,3680882,549755813888
1836,251955614981977.2,3681737,549755813888
1837,252044329022683.53,3681762,549755813888
1838,252118305126190.8,3682179,549755813888
1839,252329375458927.1,3682204,549755813888
1840,252129405287254.8,3683059,549755813888
1841,252122005071279.03,3683084,549755813888
1842,252247983592010.0,3683501,549755813888
1843,252247867851504.06,3683526,549755813888
1844,252077728480653.38,3684381,549755813888
1845,252066517295087.8,3684406,549755813888
1846,252147907727913.38,3684823,549755813888
1847,252240460680039.53,3684848,549755813888
1848,252011053937358.9,3685703,549755813888
1849,252103506431724.12,3685728,549755813888
1850,252247867851504.06,3686145,549755813888
1851,252303551298655.44,3686170,549755813888
1852,252103506431724.12,3687025,549755813888
1853,252099807029555.1,3687050,549755813888
1854,252129520919076.34,3687467,549755813888
1855,252284910235247.75,3687492,549755813888
1856,252051840240023.28,3688347,549755813888
1857,252214539005328.7,3688372,549755813888
1858,252247867851504.06,3688789,549755813888
1859,252288615071991.56,3688814,549755813888
1860,252085010506526.2,3689669,549755813888
1861,252151724194109.12,3689694,549755813888
1862,252210836343850.94,3690111,549755813888
1863,252196142477959.78,3690136,549755813888
1864,251848502135936.78,3690991,549755813888
1865,252140622067792.7,3691016,549755813888
1866,252092524148809.84,3691433,549755813888
1867,252184920757202.72,3691458,549755813888
1868,252000079707733.38,3692313,549755813888
1869,252210952050376.5,3692338,549755813888
1870,252247983592010.0,3692755,549755813888
1871,252270091976312.75,3692780,549755813888
1872,252018447641457.78,3693635,549755813888
1873,252136921576271.38,3693660,549755813888
1874,252229466461979.5,3694077,549755813888
1875,252333081601750.78,3694102,549755813888
1876,251922363315176.2,3694957,549755813888
1877,251981598954957.75,3694982,549755813888
1878,252096223337237.25,3695399,549755813888
1879,252255275458012.3,3695424,549755813888
1880,251999964194610.25,3696279,549755813888
1881,252062818978398.72,3696304,549755813888
1882,252270207737214.1,3696721,549755813888
1883,252310846377708.22,3696746,549755813888
1884,251963120912603.34,3698113,549755813888
1885,252107321553927.7,3698138,549755813888
1886,252144207022537.47,3698558,549755813888
1887,252233053943580.25,3698583,549755813888
1888,251844810213865.4,3699441,549755813888
1889,252073914254050.22,3699466,549755813888
1890,252159010495850.12,3699886,549755813888
1891,252214654715251.62,3699911,549755813888
1892,252018447641457.78,3700769,549755813888
1893,252088825068942.5,3700794,549755813888
1894,252155425120148.1,3701214,549755813888
1895,252199729011676.53,3701239,549755813888
1896,252003776183591.56,3702097,549755813888
1897,252185036439951.03,3702122,549755813888
1898,252210952050376.5,3702542,549755813888
1899,252292435798851.06,3702567,549755813888
1900,252096223337237.25,3703425,549755813888
1901,252074029834978.7,3703450,549755813888
1902,252270207737214.1,3703870,549755813888
1903,252392394696670.9,3703895,549755813888
1904,252025841779414.25,3704753,549755813888
1905,251959425629330.44,3704778,549755813888
1906,252147907727913.38,3705198,549755813888
1907,252236757257436.6,3705223,549755813888
1908,251981483458776.53,3706081,549755813888
1909,252188622657790.0,3706106,549755813888
1910,252240460680039.53,3706526,549755813888
1911,252244279948500.97,3706551,549755813888
1912,251907703042105.62,3707409,549755813888
1913,252207133791086.12,3707434,549755813888
1914,252259095175122.66,3707854,549755813888
1915,252258979424419.7,3707879,549755813888
1916,251889120423948.16,3708737,549755813888
1917,252122005071279.03,3708762,549755813888
1918,252096107735955.56,3709182,549755813888
1919,252355320745155.28,3709207,549755813888
